,Product_ID,Article,Total Quantity,Total Sales,unit_price,First_Sale,Recent_Sale,Days_in_Market,Unique_purchase_dates,Per_day_Sale,Popularity_Score,Relevance_Score,Product_Cluster
1,P0001,FORMULE SANDWICH,5389,36128.5,6.5,04-01-2021,30-09-2022,635,543,66.53,0.85511811,0.85511811,2
2,P0002,CROISSANT,29990,33961.4,1.1,02-01-2021,30-09-2022,637,599,56.7,0.940345369,0.940345369,2
3,P0003,PAIN AU CHOCOLAT,25498,31423.85,1.2,02-01-2021,30-09-2022,637,598,52.55,0.93877551,0.93877551,2
4,P0004,BANETTE,23008,24853.45,1.05,02-01-2021,30-09-2022,637,600,41.42,0.941915228,0.941915228,2
5,P0005,BAGUETTE,22259,20675,0.9,02-01-2021,30-09-2022,637,600,34.46,0.941915228,0.941915228,2
6,P0006,SANDWICH COMPLET,2934,13769,4.5,02-01-2021,30-09-2022,637,528,26.08,0.8288854,0.8288854,1
7,P0007,SPECIAL BREAD,5520,13577.5,2.4,02-01-2021,30-09-2022,637,598,22.7,0.93877551,0.93877551,1
8,P0008,TRAITEUR,1476,12482.5,1.5,08-07-2021,27-09-2022,447,315,39.63,0.704697987,0.5446731,1
9,P0009,GRAND FAR BRETON,1506,10858.5,7,02-01-2021,30-09-2022,637,405,26.81,0.635792779,0.635792779,1
10,P0010,TARTELETTE,5082,10463.2,2,21-01-2021,30-09-2022,618,551,18.99,0.891585761,0.891585761,1
11,P0011,CEREAL BAGUETTE,7529,9602.7,1.25,02-01-2021,30-09-2022,637,595,16.14,0.934065934,0.934065934,1
12,P0012,VIK BREAD,3653,9365.8,2.5,02-01-2021,30-09-2022,637,365,25.66,0.57299843,0.57299843,1
13,P0013,BRIOCHE,1720,9326,5,02-01-2021,30-09-2022,637,513,18.18,0.80533752,0.80533752,1
14,P0014,GD KOUIGN AMANN,1027,8206,7.5,02-01-2021,25-09-2022,632,309,26.56,0.488924051,0.353114685,1
15,P0015,CAMPAGNE,4376,8129.7,1.8,02-01-2021,30-09-2022,637,595,13.66,0.934065934,0.934065934,1
16,P0016,BOULE 400G,4878,7616.7,1.5,02-01-2021,30-09-2022,637,597,12.76,0.937205651,0.937205651,1
17,P0017,ECLAIR,3684,7567.6,2,24-01-2021,30-09-2022,615,469,16.14,0.762601626,0.762601626,1
18,P0018,MOISSON,3394,6981.6,2,02-01-2021,30-09-2022,637,592,11.79,0.929356358,0.929356358,1
19,P0019,SAND JB EMMENTAL,1832,6776,3.5,02-01-2021,30-09-2022,637,493,13.74,0.773940345,0.773940345,1
20,P0020,COMPLET,3563,5840.6,1.5,02-01-2021,30-09-2022,637,592,9.87,0.929356358,0.929356358,1
21,P0021,KOUIGN AMANN,2397,5213.1,2.1,02-01-2021,30-09-2022,637,486,10.73,0.762951334,0.762951334,1
22,P0022,PAIN BANETTE,3043,4434.5,1.4,02-01-2021,30-09-2022,637,590,7.52,0.926216641,0.926216641,1
23,P0023,DIVERS VIENNOISERIE,850,4333.85,4,02-01-2021,28-09-2022,635,329,13.17,0.518110236,0.429932891,1
24,P0024,FINANCIER X5,1275,4167.5,3,02-01-2021,24-09-2022,631,449,9.28,0.711568938,0.49685767,1
25,P0025,PAIN AUX RAISINS,2753,4014.8,1.4,02-01-2021,30-09-2022,637,582,6.9,0.913657771,0.913657771,1
26,P0026,COOKIE,3813,4007.65,1,02-01-2021,30-09-2022,637,581,6.9,0.912087912,0.912087912,1
27,P0027,TARTE FRUITS 4P,388,3670,9,31-01-2021,24-09-2022,602,184,19.95,0.305647841,0.212743916,0
28,P0028,TARTE FRUITS 6P,283,3608,12,30-01-2021,25-09-2022,604,153,23.58,0.253311258,0.182451515,0
29,P0029,COUPE,23697,3554.55,0.15,02-01-2021,30-09-2022,637,600,5.92,0.941915228,0.941915228,1
30,P0030,BOULE 200G,3108,3527.9,1.1,02-01-2021,30-09-2022,637,578,6.1,0.907378336,0.907378336,1
31,P0031,CROISSANT AMANDES,2369,3470.6,1.4,05-01-2021,29-09-2022,633,551,6.3,0.870458136,0.776944338,1
32,P0032,PAIN CHOCO AMANDES,1929,3007.5,1.5,05-01-2021,30-09-2022,634,526,5.72,0.829652997,0.829652997,1
33,P0033,PAIN,2489,2981.75,1.15,02-01-2021,30-09-2022,637,572,5.21,0.897959184,0.897959184,1
34,P0034,DIVERS PATISSERIE,538,2886.95,0,02-01-2021,20-09-2022,627,173,16.69,0.275917065,0.173221512,0
35,P0035,BOISSON 33CL,1904,2856,1.5,04-01-2021,30-09-2022,635,489,5.84,0.77007874,0.77007874,1
36,P0036,CHAUSSON AUX POMMES,1946,2842,1.4,03-01-2021,29-09-2022,635,527,5.39,0.82992126,0.740805863,1
37,P0037,PARIS BREST,1294,2685.6,2,21-01-2021,28-09-2022,616,410,6.55,0.665584416,0.551773657,1
38,P0038,SEIGLE,1438,2669.7,1.8,02-01-2021,30-09-2022,637,541,4.93,0.849293564,0.849293564,1
39,P0039,TARTELETTE FRAISE,819,2657,3,28-03-2021,11-09-2022,533,167,15.91,0.313320826,0.163867617,0
40,P0040,PLAT 7.60E,338,2568.8,7.6,28-02-2022,30-09-2022,215,113,22.73,0.525581395,0.525581395,0
41,P0041,BAGUETTE GRAINE,1880,2493,1.3,03-01-2021,25-09-2022,631,201,12.4,0.318541997,0.230038286,0
42,P0042,TARTE FRAISE 6P,128,2493,18,28-03-2021,17-09-2022,539,75,33.24,0.139146568,0.080780243,0
43,P0043,PT NANTAIS,761,2486,3,25-07-2021,24-09-2022,427,243,10.23,0.569086651,0.386322338,1
44,P0044,CAFE OU EAU,2366,2366,1,02-01-2021,30-09-2022,637,488,4.85,0.766091052,0.766091052,1
45,P0045,QUIM BREAD,2193,2320.1,1,02-01-2021,30-09-2022,637,519,4.47,0.814756672,0.814756672,1
46,P0046,SPECIAL BREAD KG,467,2296.6,4.8,02-01-2021,30-09-2022,637,384,5.98,0.602825746,0.602825746,1
47,P0047,FLAN,1097,2265.4,2,21-01-2021,30-09-2022,618,404,5.61,0.653721683,0.653721683,1
48,P0048,MILLES FEUILLES,1056,2244.9,2,23-01-2021,30-09-2022,616,318,7.06,0.516233766,0.516233766,1
49,P0049,TARTE FRAISE 4PER,169,2170,12,28-03-2021,28-08-2022,519,89,24.38,0.171483622,0.074788766,0
50,P0050,FICELLE,3449,2166.9,0.6,02-01-2021,30-09-2022,637,589,3.68,0.924646782,0.924646782,1
51,P0051,SACHET VIENNOISERIE,515,2060,4,05-01-2021,28-07-2022,570,270,7.63,0.473684211,0.162163793,0
52,P0052,BANETTINE,3120,1969.1,0.6,02-01-2021,30-09-2022,637,595,3.31,0.934065934,0.934065934,1
53,P0053,FRAISIER,599,1946,3,02-04-2021,21-08-2022,507,111,17.53,0.218934911,0.088442496,0
54,P0054,DIVERS CONFISERIE,503,1804.43,3,03-01-2021,30-09-2022,636,294,6.14,0.462264151,0.462264151,1
55,P0055,FLAN ABRICOT,801,1736.6,2.1,22-01-2021,30-09-2022,617,310,5.6,0.502431118,0.502431118,1
56,P0056,GAL FRANGIPANE 4P,215,1720,8,02-01-2021,28-01-2022,392,45,38.22,0.114795918,0.009002525,0
57,P0057,NANTAIS,599,1587.5,2.5,05-01-2021,23-12-2021,353,161,9.86,0.456090652,0.017669984,0
58,P0058,GAL FRANGIPANE 6P,128,1536,12,02-01-2021,28-01-2022,392,39,39.38,0.099489796,0.007802188,0
59,P0059,ROYAL 6P,68,1290,18,23-02-2021,30-09-2022,585,50,25.8,0.085470085,0.085470085,0
60,P0060,GD FAR BRETON,177,1278.5,0,05-03-2021,27-09-2022,572,79,16.18,0.138111888,0.107964324,0
61,P0061,PLAT 8.30E,148,1228.4,8.3,06-03-2022,30-09-2022,209,71,17.3,0.339712919,0.339712919,0
62,P0062,GD NANTAIS,109,1209,11,31-07-2021,11-07-2022,346,58,20.84,0.167630058,0.041342216,0
63,P0063,TROPEZIENNE,508,1050.5,2,18-03-2021,21-09-2022,553,209,5.03,0.377938517,0.24018121,0
64,P0064,ROYAL 4P,78,984,12,24-01-2021,09-09-2022,594,45,21.87,0.075757576,0.03910302,0
65,P0065,SAVARIN,467,968.9,2,22-01-2021,11-09-2022,598,149,6.5,0.24916388,0.132448048,0
66,P0066,ROYAL,293,961,3,21-03-2021,25-09-2022,554,71,13.54,0.128158845,0.091819079,0
67,P0067,NOIX JAPONAISE,447,925.9,2,31-01-2021,26-09-2022,604,175,5.29,0.289735099,0.216933535,0
68,P0068,BOULE POLKA,535,887.6,1.6,02-01-2021,30-09-2022,637,397,2.24,0.623233909,0.623233909,1
69,P0069,DIVERS BOULANGERIE,327,849.45,2,04-01-2021,30-09-2022,635,173,4.91,0.272440945,0.272440945,0
70,P0070,DIVERS SANDWICHS,241,838.67,2.5,04-01-2021,16-07-2022,559,86,9.75,0.153846154,0.048238626,0
71,P0071,PLAT 7.00,114,798,7,01-03-2022,22-09-2022,206,65,12.28,0.315533981,0.185525434,0
72,P0072,FONDANT CHOCOLAT,318,795,2.5,07-01-2021,23-08-2021,229,131,6.07,0.572052402,0,0
73,P0073,GAL POMME 4P,99,792,8,02-01-2021,28-01-2022,392,35,22.63,0.089285714,0.007001964,0
74,P0074,GAL POMME 6P,62,744,12,02-01-2021,23-01-2022,387,24,31,0.062015504,0.004531283,0
75,P0075,12 MACARON,70,700,10,13-07-2022,28-09-2022,78,42,16.67,0.538461538,0.403075906,0
76,P0076,GACHE,131,655,5,02-01-2021,25-07-2021,205,91,7.2,0.443902439,0,0
77,P0077,CHOU CHANTILLY,271,547.9,2,23-01-2021,11-09-2022,597,107,5.12,0.179229481,0.095251078,0
78,P0078,DEMI BAGUETTE,1147,539.45,0.45,02-01-2021,28-09-2022,635,490,1.1,0.771653543,0.640325582,1
79,P0079,TARTE FINE,67,469,7,26-11-2021,24-07-2022,241,36,13.03,0.149377593,0.034149352,0
80,P0080,MACARON,453,453,1,11-07-2022,29-09-2022,81,59,7.68,0.728395062,0.613823437,1
81,P0081,PALET BRETON,277,389.1,1.5,18-04-2022,28-09-2022,164,79,4.93,0.481707317,0.378061561,1
82,P0082,FRAMBOISIER,107,369,3,24-12-2021,26-09-2022,277,33,11.18,0.119133574,0.085062679,0
83,P0083,BAGUETTE APERO,76,342,4.5,22-01-2021,01-07-2022,526,60,5.7,0.114068441,0.031767999,0
84,P0084,ST HONORE,110,335.5,3,12-07-2021,29-08-2022,414,53,6.33,0.128019324,0.053765864,0
85,P0085,SUCETTE,1061,318.3,0.3,03-01-2021,30-09-2022,636,307,1.04,0.482704403,0.482704403,1
86,P0086,RELIGIEUSE,119,297.5,2.5,12-07-2021,20-09-2021,71,42,7.08,0.591549296,0,0
87,P0087,CARAMEL NOIX,100,240,2.4,02-07-2022,30-09-2022,91,47,5.11,0.516483516,0.516483516,1
88,P0088,VIENNOISE,218,239.8,1.1,07-07-2021,05-09-2021,61,50,4.8,0.819672131,0,0
89,P0089,PAIN S/SEL,152,231.3,1.5,07-01-2021,18-08-2022,589,116,1.99,0.196943973,0.080132213,0
90,P0090,SABLE F  P,130,208,1.6,25-07-2022,30-09-2022,68,40,5.2,0.588235294,0.588235294,1
91,P0091,TRIANGLES,83,207.5,2.5,11-03-2021,07-03-2022,362,30,6.92,0.082872928,0.007829294,0
92,P0092,GRANDE SUCETTE,344,206.4,0.6,16-01-2021,17-09-2022,610,161,1.28,0.263934426,0.155356475,0
93,P0093,PAILLE,135,202.5,1.5,25-02-2022,29-05-2022,94,59,3.43,0.627659574,0,0
94,P0094,DIVERS BOISSONS,88,201.5,2,29-05-2021,22-09-2022,482,62,3.25,0.128630705,0.08289773,0
95,P0095,SACHET DE CROUTON,125,200,1.6,14-01-2021,22-08-2022,586,80,2.5,0.136518771,0.057522798,0
96,P0096,GAL POIRE CHOCO 4P,24,192,8,09-01-2021,30-01-2022,387,12,16,0.031007752,0.002412772,0
97,P0097,DELICETROPICAL,61,183,3,20-07-2021,20-09-2021,63,19,9.63,0.301587302,0,0
98,P0098,GAL POIRE CHOCO 6P,15,180,12,09-01-2021,29-01-2022,386,10,18,0.025906736,0.001987722,0
99,P0099,TARTELETTE CHOC,62,155,2.5,04-04-2021,28-05-2022,420,31,5,0.073809524,0.01473533,0
100,P0100,CHOCOLAT,82,123,1.5,07-01-2021,29-07-2022,569,64,1.92,0.112478032,0.038760763,0
101,P0101,"PLATPREPARE7,00",17,119,7,12-07-2021,06-11-2021,118,5,23.8,0.042372881,0,0
102,P0102,BROWNIES,47,117.5,2.5,12-07-2021,23-06-2022,347,28,4.2,0.080691643,0.017194396,0
103,P0103,DEMI PAIN,163,105.05,0.6,19-01-2021,25-09-2022,615,131,0.8,0.21300813,0.153589687,0
104,P0104,FORMULE PLAT PREPARE,11,88,8,12-07-2021,05-11-2021,117,4,22,0.034188034,0,0
105,P0105,REDUCTION SUCREES 12,8,80,10,31-12-2021,05-06-2022,157,2,40,0.012738854,0.000734525,0
106,P0106,PAIN DE MIE,40,80,2,05-04-2021,20-01-2022,291,14,5.71,0.048109966,0.001181568,0
107,P0107,BRIOCHETTE,86,70.2,0.8,21-02-2021,17-04-2022,421,27,2.6,0.064133017,0.009834904,0
108,P0108,TROPEZIENNE FRAMBOISE,33,69.7,2.1,18-03-2021,03-07-2022,473,18,3.87,0.038054968,0.010261696,0
109,P0109,MERINGUE,65,65,1,08-02-2022,06-06-2022,119,35,1.86,0.294117647,0.001555389,0
110,P0110,ECLAIR FRAISE PISTACHE,22,48.5,2.1,28-02-2021,22-07-2022,510,13,3.73,0.025490196,0.008067151,0
111,P0111,"PLATPREPARE6,50",8,45.5,0,12-07-2021,05-11-2021,117,3,15.17,0.025641026,0,0
112,P0112,PLAT,9,41.4,4.9,03-03-2022,23-08-2022,174,8,5.18,0.045977011,0.013363924,0
113,P0113,PAIN SUISSE PEPITO,21,33.6,1.6,06-08-2022,25-09-2022,51,7,4.8,0.137254902,0.075014304,0
114,P0114,CRUMBLE,9,26,2,02-05-2021,22-02-2022,297,5,5.2,0.016835017,0.000883346,0
115,P0115,FINANCIER,22,15.4,0.7,11-05-2021,28-07-2022,444,15,1.03,0.033783784,0.010657369,0
116,P0116,FORMULE PATE,2,13,6.5,23-03-2022,12-07-2022,112,2,6.5,0.017857143,0.001257636,0
117,P0117,GUERANDAIS,3,10.5,3.5,26-03-2022,03-07-2022,100,2,5.25,0.02,0.000499709,0
118,P0118,THE,7,10.5,1.5,06-02-2021,21-11-2021,289,6,1.75,0.020761246,0,0
119,P0119,PATES,2,9,4.5,04-01-2021,13-07-2021,191,2,4.5,0.010471204,0,0
120,P0120,PAIN GRAINES,3,6.1,2,10-07-2021,15-07-2022,371,3,2.03,0.008086253,0.00213422,0
