,ds,holiday
0,2021-01-01,New Year's Day
1,2021-04-05,Easter Monday
2,2021-05-24,Whit Monday
3,2021-05-01,Labor Day
4,2021-05-08,Victory Day
5,2021-05-13,Ascension Day
6,2021-07-14,National Day
7,2021-08-15,Assumption Day
8,2021-11-01,All Saints' Day
9,2021-11-11,Armistice Day
10,2021-12-25,Christmas Day
11,2022-01-01,New Year's Day
12,2022-04-18,Easter Monday
13,2022-06-06,Whit Monday
14,2022-05-01,Labor Day
15,2022-05-08,Victory Day
16,2022-05-26,Ascension Day
17,2022-07-14,National Day
18,2022-08-15,Assumption Day
19,2022-11-01,All Saints' Day
20,2022-11-11,Armistice Day
21,2022-12-25,Christmas Day
22,2023-01-01,New Year's Day
23,2023-04-10,Easter Monday
24,2023-05-29,Whit Monday
25,2023-05-01,Labor Day
26,2023-05-08,Victory Day
27,2023-05-18,Ascension Day
28,2023-07-14,National Day
29,2023-08-15,Assumption Day
30,2023-11-01,All Saints' Day
31,2023-11-11,Armistice Day
32,2023-12-25,Christmas Day
