,Article,Total Quantity,Total Sales,unit_price,First_Sale,Recent_Sale,Days_in_Market,Unique_purchase_dates,Per_day_Sale,Popularity_Score,Relevance_Score
0,TRADITIONAL BAGUETTE,118723.0,146311.45,1.2,2021-01-02,2022-09-30,637,600,229.69,0.9419152276295133,0.9419152276295133
1,FORMULE SANDWICH,5389.0,36128.5,6.5,2021-01-04,2022-09-30,635,543,56.9,0.8551181102362204,0.8551181102362204
2,CROISSANT,29990.0,33961.4,1.1,2021-01-02,2022-09-30,637,599,53.31,0.9403453689167975,0.9403453689167975
3,PAIN AU CHOCOLAT,25498.0,31423.85,1.2,2021-01-02,2022-09-30,637,598,49.33,0.9387755102040817,0.9387755102040817
4,BANETTE,23008.0,24853.45,1.05,2021-01-02,2022-09-30,637,600,39.02,0.9419152276295133,0.9419152276295133
5,BAGUETTE,22259.0,20675.0,0.9,2021-01-02,2022-09-30,637,600,32.46,0.9419152276295133,0.9419152276295133
6,SANDWICH COMPLET,2934.0,13769.0,4.5,2021-01-02,2022-09-30,637,528,21.62,0.8288854003139717,0.8288854003139717
7,SPECIAL BREAD,5520.0,13577.5,2.4,2021-01-02,2022-09-30,637,598,21.31,0.9387755102040817,0.9387755102040817
8,TRAITEUR,1476.0,12482.5,1.5,2021-07-08,2022-09-27,447,315,27.93,0.7046979865771812,0.544673099919713
9,GRAND FAR BRETON,1506.0,10858.5,7.0,2021-01-02,2022-09-30,637,405,17.05,0.6357927786499215,0.6357927786499215
10,TARTELETTE,5082.0,10463.2,2.0,2021-01-21,2022-09-30,618,551,16.93,0.8915857605177994,0.8915857605177994
11,CEREAL BAGUETTE,7529.0,9602.7,1.25,2021-01-02,2022-09-30,637,595,15.07,0.9340659340659341,0.9340659340659341
12,VIK BREAD,3653.0,9365.8,2.5,2021-01-02,2022-09-30,637,365,14.7,0.5729984301412873,0.5729984301412873
13,BRIOCHE,1720.0,9326.0,5.0,2021-01-02,2022-09-30,637,513,14.64,0.8053375196232339,0.8053375196232339
14,GD KOUIGN AMANN,1027.0,8206.0,7.5,2021-01-02,2022-09-25,632,309,12.98,0.4889240506329114,0.35311468478457425
15,CAMPAGNE,4376.0,8129.7,1.8,2021-01-02,2022-09-30,637,595,12.76,0.9340659340659341,0.9340659340659341
16,BOULE 400G,4878.0,7616.7,1.5,2021-01-02,2022-09-30,637,597,11.96,0.9372056514913658,0.9372056514913658
17,ECLAIR,3684.0,7567.6,2.0,2021-01-24,2022-09-30,615,469,12.31,0.7626016260162601,0.7626016260162601
18,MOISSON,3394.0,6981.6,2.0,2021-01-02,2022-09-30,637,592,10.96,0.9293563579277865,0.9293563579277865
19,SAND JB EMMENTAL,1832.0,6776.0,3.5,2021-01-02,2022-09-30,637,493,10.64,0.7739403453689168,0.7739403453689168
20,COMPLET,3563.0,5840.6,1.5,2021-01-02,2022-09-30,637,592,9.17,0.9293563579277865,0.9293563579277865
21,KOUIGN AMANN,2397.0,5213.1,2.1,2021-01-02,2022-09-30,637,486,8.18,0.7629513343799058,0.7629513343799058
22,PAIN BANETTE,3043.0,4434.5,1.4,2021-01-02,2022-09-30,637,590,6.96,0.9262166405023547,0.9262166405023547
23,DIVERS VIENNOISERIE,850.0,4333.85,4.0,2021-01-02,2022-09-28,635,329,6.82,0.5181102362204725,0.42993289096743575
24,FINANCIER X5,1275.0,4167.5,3.0,2021-01-02,2022-09-24,631,449,6.6,0.7115689381933439,0.4968576702594147
25,PAIN AUX RAISINS,2753.0,4014.8,1.4,2021-01-02,2022-09-30,637,582,6.3,0.9136577708006279,0.9136577708006279
26,COOKIE,3813.0,4007.65,1.0,2021-01-02,2022-09-30,637,581,6.29,0.9120879120879121,0.9120879120879121
27,TARTE FRUITS 4P,388.0,3670.0,9.0,2021-01-31,2022-09-24,602,184,6.1,0.30564784053156147,0.21274391555870134
28,TARTE FRUITS 6P,283.0,3608.0,12.0,2021-01-30,2022-09-25,604,153,5.97,0.2533112582781457,0.18245151476456695
29,COUPE,23697.0,3554.55,0.15,2021-01-02,2022-09-30,637,600,5.58,0.9419152276295133,0.9419152276295133
30,BOULE 200G,3108.0,3527.9,1.1,2021-01-02,2022-09-30,637,578,5.54,0.9073783359497645,0.9073783359497645
31,CROISSANT AMANDES,2369.0,3470.6,1.4,2021-01-05,2022-09-29,633,551,5.48,0.8704581358609794,0.7769443378522768
32,PAIN CHOCO AMANDES,1929.0,3007.5,1.5,2021-01-05,2022-09-30,634,526,4.74,0.8296529968454258,0.8296529968454258
33,PAIN,2489.0,2981.75,1.15,2021-01-02,2022-09-30,637,572,4.68,0.8979591836734694,0.8979591836734694
34,DIVERS PATISSERIE,538.0,2886.95,0.0,2021-01-02,2022-09-20,627,173,4.6,0.2759170653907496,0.17322151213235562
35,BOISSON 33CL,1904.0,2856.0,1.5,2021-01-04,2022-09-30,635,489,4.5,0.7700787401574803,0.7700787401574803
36,CHAUSSON AUX POMMES,1946.0,2842.0,1.4,2021-01-03,2022-09-29,635,527,4.48,0.8299212598425196,0.7408058630499934
37,PARIS BREST,1294.0,2685.6,2.0,2021-01-21,2022-09-28,616,410,4.36,0.6655844155844156,0.5517736568924748
38,SEIGLE,1438.0,2669.7,1.8,2021-01-02,2022-09-30,637,541,4.19,0.8492935635792779,0.8492935635792779
39,TARTELETTE FRAISE,819.0,2657.0,3.0,2021-03-28,2022-09-11,533,167,4.98,0.3133208255159475,0.16386761698536784
40,PLAT 7.60E,338.0,2568.8,7.6,2022-02-28,2022-09-30,215,113,11.95,0.5255813953488372,0.5255813953488372
41,BAGUETTE GRAINE,1880.0,2493.0,1.3,2021-01-03,2022-09-25,631,201,3.95,0.3185419968304279,0.2300382864573275
42,TARTE FRAISE 6P,128.0,2493.0,18.0,2021-03-28,2022-09-17,539,75,4.63,0.1391465677179963,0.0807802426754707
43,PT NANTAIS,761.0,2486.0,3.0,2021-07-25,2022-09-24,427,243,5.82,0.5690866510538641,0.3863223377642608
44,CAFE OU EAU,2366.0,2366.0,1.0,2021-01-02,2022-09-30,637,488,3.71,0.7660910518053375,0.7660910518053375
45,QUIM BREAD,2193.0,2320.1,1.0,2021-01-02,2022-09-30,637,519,3.64,0.814756671899529,0.814756671899529
46,SPECIAL BREAD KG,467.0,2296.6,4.8,2021-01-02,2022-09-30,637,384,3.61,0.6028257456828885,0.6028257456828885
47,FLAN,1097.0,2265.4,2.0,2021-01-21,2022-09-30,618,404,3.67,0.6537216828478964,0.6537216828478964
48,MILLES FEUILLES,1056.0,2244.9,2.0,2021-01-23,2022-09-30,616,318,3.64,0.5162337662337663,0.5162337662337663
49,TARTE FRAISE 4PER,169.0,2170.0,12.0,2021-03-28,2022-08-28,519,89,4.18,0.17148362235067438,0.07478876633601737
50,FICELLE,3449.0,2166.9,0.6,2021-01-02,2022-09-30,637,589,3.4,0.9246467817896389,0.9246467817896389
51,SACHET VIENNOISERIE,515.0,2060.0,4.0,2021-01-05,2022-07-28,570,270,3.61,0.47368421052631576,0.16216379275146545
52,BANETTINE,3120.0,1969.1,0.6,2021-01-02,2022-09-30,637,595,3.09,0.9340659340659341,0.9340659340659341
53,FRAISIER,599.0,1946.0,3.0,2021-04-02,2022-08-21,507,111,3.84,0.21893491124260356,0.08844249622499538
54,DIVERS CONFISERIE,503.0,1804.43,3.0,2021-01-03,2022-09-30,636,294,2.84,0.46226415094339623,0.46226415094339623
55,FLAN ABRICOT,801.0,1736.6,2.1,2021-01-22,2022-09-30,617,310,2.81,0.5024311183144247,0.5024311183144247
56,GAL FRANGIPANE 4P,215.0,1720.0,8.0,2021-01-02,2022-01-28,392,45,4.39,0.11479591836734694,0.009002525098103344
57,NANTAIS,599.0,1587.5,2.5,2021-01-05,2021-12-23,353,161,4.5,0.45609065155807366,0.017669983785048044
58,GAL FRANGIPANE 6P,128.0,1536.0,12.0,2021-01-02,2022-01-28,392,39,3.92,0.09948979591836735,0.007802188418356231
59,ROYAL 6P,68.0,1290.0,18.0,2021-02-23,2022-09-30,585,50,2.21,0.08547008547008547,0.08547008547008547
60,GD FAR BRETON,177.0,1278.5,0.0,2021-03-05,2022-09-27,572,79,2.24,0.1381118881118881,0.10796432441235197
61,PLAT 8.30E,148.0,1228.4,8.3,2022-03-06,2022-09-30,209,71,5.88,0.3397129186602871,0.3397129186602871
62,GD NANTAIS,109.0,1209.0,11.0,2021-07-31,2022-07-11,346,58,3.49,0.1676300578034682,0.04134221605547183
63,TROPEZIENNE,508.0,1050.5,2.0,2021-03-18,2022-09-21,553,209,1.9,0.3779385171790235,0.24018121008358684
64,ROYAL 4P,78.0,984.0,12.0,2021-01-24,2022-09-09,594,45,1.66,0.07575757575757576,0.03910301959616783
65,SAVARIN,467.0,968.9,2.0,2021-01-22,2022-09-11,598,149,1.62,0.2491638795986622,0.13244804803086677
66,ROYAL,293.0,961.0,3.0,2021-03-21,2022-09-25,554,71,1.73,0.12815884476534295,0.09181907859781167
67,NOIX JAPONAISE,447.0,925.9,2.0,2021-01-31,2022-09-26,604,175,1.53,0.2897350993377483,0.2169335347265166
68,BOULE POLKA,535.0,887.6,1.6,2021-01-02,2022-09-30,637,397,1.39,0.6232339089481946,0.6232339089481946
69,DIVERS BOULANGERIE,327.0,849.45,2.0,2021-01-04,2022-09-30,635,173,1.34,0.27244094488188975,0.27244094488188975
70,DIVERS SANDWICHS,241.0,838.67,2.5,2021-01-04,2022-07-16,559,86,1.5,0.15384615384615385,0.04823862645640833
71,PLAT 7.00,114.0,798.0,7.0,2022-03-01,2022-09-22,206,65,3.87,0.3155339805825243,0.18552543447350922
72,FONDANT CHOCOLAT,318.0,795.0,2.5,2021-01-07,2021-08-23,229,131,3.47,0.5720524017467249,0.0
73,GAL POMME 4P,99.0,792.0,8.0,2021-01-02,2022-01-28,392,35,2.02,0.08928571428571429,0.00700196396519149
74,GAL POMME 6P,62.0,744.0,12.0,2021-01-02,2022-01-23,387,24,1.92,0.06201550387596899,0.0045312829031243
75,12 MACARON,70.0,700.0,10.0,2022-07-13,2022-09-28,78,42,8.97,0.5384615384615384,0.4030759055159518
76,GACHE,131.0,655.0,5.0,2021-01-02,2021-07-25,205,91,3.2,0.44390243902439025,0.0
77,CHOU CHANTILLY,271.0,547.9,2.0,2021-01-23,2022-09-11,597,107,0.92,0.17922948073701842,0.09525107791471676
78,DEMI BAGUETTE,1147.0,539.45,0.45,2021-01-02,2022-09-28,635,490,0.85,0.7716535433070866,0.6403255822919256
79,TARTE FINE,67.0,469.0,7.0,2021-11-26,2022-07-24,241,36,1.95,0.14937759336099585,0.0341493522612858
80,MACARON,453.0,453.0,1.0,2022-07-11,2022-09-29,81,59,5.59,0.7283950617283951,0.6138234371157621
81,PALET BRETON,277.0,389.1,1.5,2022-04-18,2022-09-28,164,79,2.37,0.4817073170731707,0.37806156120228945
82,FRAMBOISIER,107.0,369.0,3.0,2021-12-24,2022-09-26,277,33,1.33,0.11913357400722022,0.08506267854758424
83,BAGUETTE APERO,76.0,342.0,4.5,2021-01-22,2022-07-01,526,60,0.65,0.11406844106463879,0.03176799929436196
84,ST HONORE,110.0,335.5,3.0,2021-07-12,2022-08-29,414,53,0.81,0.1280193236714976,0.05376586445772424
85,SUCETTE,1061.0,318.3,0.3,2021-01-03,2022-09-30,636,307,0.5,0.4827044025157233,0.4827044025157233
86,RELIGIEUSE,119.0,297.5,2.5,2021-07-12,2021-09-20,71,42,4.19,0.5915492957746479,0.0
87,CARAMEL NOIX,100.0,240.0,2.4,2022-07-02,2022-09-30,91,47,2.64,0.5164835164835165,0.5164835164835165
88,VIENNOISE,218.0,239.8,1.1,2021-07-07,2021-09-05,61,50,3.93,0.819672131147541,0.0
89,PAIN S/SEL,152.0,231.3,1.5,2021-01-07,2022-08-18,589,116,0.39,0.1969439728353141,0.08013221316208702
90,SABLE F  P,130.0,208.00000000000003,1.6,2022-07-25,2022-09-30,68,40,3.06,0.5882352941176471,0.5882352941176471
91,TRIANGLES,83.0,207.5,2.5,2021-03-11,2022-03-07,362,30,0.57,0.08287292817679558,0.007829294011068086
92,GRANDE SUCETTE,344.0,206.4,0.6,2021-01-16,2022-09-17,610,161,0.34,0.2639344262295082,0.15535647541881184
93,PAILLE,135.0,202.5,1.5,2022-02-25,2022-05-29,94,59,2.15,0.6276595744680851,0.0
94,DIVERS BOISSONS,88.0,201.5,2.0,2021-05-29,2022-09-22,482,62,0.42,0.12863070539419086,0.08289773036649933
95,SACHET DE CROUTON,125.0,200.0,1.6,2021-01-14,2022-08-22,586,80,0.34,0.13651877133105803,0.05752279799811055
96,GAL POIRE CHOCO 4P,24.0,192.0,8.0,2021-01-09,2022-01-30,387,12,0.5,0.031007751937984496,0.0024127719002657987
97,DELICETROPICAL,61.0,183.0,3.0,2021-07-20,2021-09-20,63,19,2.9,0.30158730158730157,0.0
98,GAL POIRE CHOCO 6P,15.0,180.0,12.0,2021-01-09,2022-01-29,386,10,0.47,0.025906735751295335,0.0019877219007138486
99,TARTELETTE CHOC,62.0,155.0,2.5,2021-04-04,2022-05-28,420,31,0.37,0.07380952380952381,0.014735329764347875
100,CHOCOLAT,82.0,123.0,1.5,2021-01-07,2022-07-29,569,64,0.22,0.11247803163444639,0.0387607625672017
101,"PLATPREPARE7,00",17.0,119.0,7.0,2021-07-12,2021-11-06,118,5,1.01,0.0423728813559322,0.0
102,BROWNIES,47.0,117.5,2.5,2021-07-12,2022-06-23,347,28,0.34,0.08069164265129683,0.01719439554126903
103,DEMI PAIN,163.0,105.05,0.6,2021-01-19,2022-09-25,615,131,0.17,0.21300813008130082,0.15358968700064185
104,FORMULE PLAT PREPARE,11.0,88.0,8.0,2021-07-12,2021-11-05,117,4,0.75,0.03418803418803419,0.0
105,REDUCTION SUCREES 12,8.0,80.0,10.0,2021-12-31,2022-06-05,157,2,0.51,0.012738853503184714,0.000734525259567095
106,PAIN DE MIE,40.0,80.0,2.0,2021-04-05,2022-01-20,291,14,0.27,0.048109965635738834,0.0011815677204700655
107,BRIOCHETTE,86.0,70.2,0.8,2021-02-21,2022-04-17,421,27,0.17,0.06413301662707839,0.009834903520894823
108,TROPEZIENNE FRAMBOISE,33.0,69.7,2.1,2021-03-18,2022-07-03,473,18,0.15,0.03805496828752643,0.01026169574151977
109,MERINGUE,65.0,65.0,1.0,2022-02-08,2022-06-06,119,35,0.55,0.29411764705882354,0.0015553894425516508
110,ECLAIR FRAISE PISTACHE,22.0,48.5,2.1,2021-02-28,2022-07-22,510,13,0.1,0.025490196078431372,0.008067151418594636
111,"PLATPREPARE6,50",8.0,45.5,0.0,2021-07-12,2021-11-05,117,3,0.39,0.02564102564102564,0.0
112,PLAT,9.0,41.4,4.9,2022-03-03,2022-08-23,174,8,0.24,0.04597701149425287,0.013363924182514995
113,PAIN SUISSE PEPITO,21.0,33.6,1.6,2022-08-06,2022-09-25,51,7,0.66,0.13725490196078433,0.07501430436623846
114,CRUMBLE,9.0,26.0,2.0,2021-05-02,2022-02-22,297,5,0.09,0.016835016835016835,0.0008833460096261922
115,FINANCIER,22.0,15.4,0.7,2021-05-11,2022-07-28,444,15,0.03,0.033783783783783786,0.010657368717249647
116,FORMULE PATE,2.0,13.0,6.5,2022-03-23,2022-07-12,112,2,0.12,0.017857142857142856,0.00125763603800253
117,GUERANDAIS,3.0,10.5,3.5,2022-03-26,2022-07-03,100,2,0.1,0.02,0.0004997089289010259
118,THE,7.0,10.5,1.5,2021-02-06,2021-11-21,289,6,0.04,0.020761245674740483,0.0
119,PATES,2.0,9.0,4.5,2021-01-04,2021-07-13,191,2,0.05,0.010471204188481676,0.0
120,PAIN GRAINES,3.0,6.1,2.0,2021-07-10,2022-07-15,371,3,0.02,0.008086253369272238,0.0021342203887647565
